year,servicio,sexo,edad,cases,py
2016,Arica y Parinacota,F,0-5,0,6546.5
2016,Arica y Parinacota,M,0-5,0,6892.5
2016,Arica y Parinacota,T,0-5,0,13439
2016,Arica y Parinacota,F,5-15,1,12530.5
2016,Arica y Parinacota,M,5-15,0,12823.5
2016,Arica y Parinacota,T,5-15,1,25354
2016,Arica y Parinacota,F,15-25,3,13443
2016,Arica y Parinacota,M,15-25,2,12451
2016,Arica y Parinacota,T,15-25,5,25894
2016,Arica y Parinacota,F,25-35,3,13621
2016,Arica y Parinacota,M,25-35,1,9808
2016,Arica y Parinacota,T,25-35,4,23429
2016,Arica y Parinacota,F,35-45,3,11732
2016,Arica y Parinacota,M,35-45,2,7865.5
2016,Arica y Parinacota,T,35-45,5,19597.5
2016,Arica y Parinacota,F,45-55,4,11128.5
2016,Arica y Parinacota,M,45-55,5,7969
2016,Arica y Parinacota,T,45-55,9,19097.5
2016,Arica y Parinacota,F,55-65,4,8594.5
2016,Arica y Parinacota,M,55-65,6,6690.5
2016,Arica y Parinacota,T,55-65,10,15285
2016,Arica y Parinacota,F,65-75,5,6562.5
2016,Arica y Parinacota,M,65-75,1,5382
2016,Arica y Parinacota,T,65-75,6,11944.5
2016,Arica y Parinacota,F,>75,1,4594
2016,Arica y Parinacota,M,>75,1,3228
2016,Arica y Parinacota,T,>75,2,7822
2016,Antofagasta,F,0-5,1,13966
2016,Antofagasta,M,0-5,0,14354.5
2016,Antofagasta,T,0-5,1,28320.5
2016,Antofagasta,F,5-15,1,26321.5
2016,Antofagasta,M,5-15,1,27265
2016,Antofagasta,T,5-15,2,53586.5
2016,Antofagasta,F,15-25,2,31403
2016,Antofagasta,M,15-25,1,29117
2016,Antofagasta,T,15-25,3,60520
2016,Antofagasta,F,25-35,3,34393.5
2016,Antofagasta,M,25-35,0,26981.5
2016,Antofagasta,T,25-35,3,61375
2016,Antofagasta,F,35-45,0,29749
2016,Antofagasta,M,35-45,3,23979
2016,Antofagasta,T,35-45,3,53728
2016,Antofagasta,F,45-55,3,26100.5
2016,Antofagasta,M,45-55,5,22912.5
2016,Antofagasta,T,45-55,8,49013
2016,Antofagasta,F,55-65,0,21044
2016,Antofagasta,M,55-65,2,18824
2016,Antofagasta,T,55-65,2,39868
2016,Antofagasta,F,65-75,1,13667
2016,Antofagasta,M,65-75,1,11350.5
2016,Antofagasta,T,65-75,2,25017.5
2016,Antofagasta,F,>75,0,10197.5
2016,Antofagasta,M,>75,0,5958
2016,Antofagasta,T,>75,0,16155.5
2016,Atacama,F,0-5,0,8104.5
2016,Atacama,M,0-5,0,8418.5
2016,Atacama,T,0-5,0,16523
2016,Atacama,F,5-15,2,17250
2016,Atacama,M,5-15,6,17972
2016,Atacama,T,5-15,8,35222
2016,Atacama,F,15-25,5,18203.5
2016,Atacama,M,15-25,2,18037
2016,Atacama,T,15-25,7,36240.5
2016,Atacama,F,25-35,5,18072
2016,Atacama,M,25-35,2,15426.5
2016,Atacama,T,25-35,7,33498.5
2016,Atacama,F,35-45,11,15403.5
2016,Atacama,M,35-45,7,13550
2016,Atacama,T,35-45,18,28953.5
2016,Atacama,F,45-55,4,15981.5
2016,Atacama,M,45-55,7,14882
2016,Atacama,T,45-55,11,30863.5
2016,Atacama,F,55-65,10,12548
2016,Atacama,M,55-65,8,11750
2016,Atacama,T,55-65,18,24298
2016,Atacama,F,65-75,4,8256.5
2016,Atacama,M,65-75,1,7536.5
2016,Atacama,T,65-75,5,15793
2016,Atacama,F,>75,2,6182.5
2016,Atacama,M,>75,1,4752
2016,Atacama,T,>75,3,10934.5
2016,Coquimbo,F,0-5,0,21474
2016,Coquimbo,M,0-5,0,22338
2016,Coquimbo,T,0-5,0,43812
2016,Coquimbo,F,5-15,0,42275.5
2016,Coquimbo,M,5-15,0,44222.5
2016,Coquimbo,T,5-15,0,86498
2016,Coquimbo,F,15-25,0,45970.5
2016,Coquimbo,M,15-25,0,44932
2016,Coquimbo,T,15-25,0,90902.5
2016,Coquimbo,F,25-35,0,46207.5
2016,Coquimbo,M,25-35,0,39728.5
2016,Coquimbo,T,25-35,0,85936
2016,Coquimbo,F,35-45,0,41653.5
2016,Coquimbo,M,35-45,0,35078
2016,Coquimbo,T,35-45,0,76731.5
2016,Coquimbo,F,45-55,0,41889.5
2016,Coquimbo,M,45-55,1,36944
2016,Coquimbo,T,45-55,1,78833.5
2016,Coquimbo,F,55-65,1,33516.5
2016,Coquimbo,M,55-65,1,29999.5
2016,Coquimbo,T,55-65,2,63516
2016,Coquimbo,F,65-75,0,23122
2016,Coquimbo,M,65-75,0,19945.5
2016,Coquimbo,T,65-75,0,43067.5
2016,Coquimbo,F,>75,0,18839
2016,Coquimbo,M,>75,0,13080
2016,Coquimbo,T,>75,0,31919
2016,Viña del Mar y Quillota,F,0-5,1,22678.5
2016,Viña del Mar y Quillota,M,0-5,0,23240.5
2016,Viña del Mar y Quillota,T,0-5,1,45919
2016,Viña del Mar y Quillota,F,5-15,0,46339.5
2016,Viña del Mar y Quillota,M,5-15,0,48026.5
2016,Viña del Mar y Quillota,T,5-15,0,94366
2016,Viña del Mar y Quillota,F,15-25,0,54583.5
2016,Viña del Mar y Quillota,M,15-25,2,52646.5
2016,Viña del Mar y Quillota,T,15-25,2,107230
2016,Viña del Mar y Quillota,F,25-35,2,57645
2016,Viña del Mar y Quillota,M,25-35,3,46648
2016,Viña del Mar y Quillota,T,25-35,5,104293
2016,Viña del Mar y Quillota,F,35-45,2,50379
2016,Viña del Mar y Quillota,M,35-45,1,39624
2016,Viña del Mar y Quillota,T,35-45,3,90003
2016,Viña del Mar y Quillota,F,45-55,2,53909
2016,Viña del Mar y Quillota,M,45-55,0,44295.5
2016,Viña del Mar y Quillota,T,45-55,2,98204.5
2016,Viña del Mar y Quillota,F,55-65,2,46927
2016,Viña del Mar y Quillota,M,55-65,2,38396.5
2016,Viña del Mar y Quillota,T,55-65,4,85323.5
2016,Viña del Mar y Quillota,F,65-75,0,33867
2016,Viña del Mar y Quillota,M,65-75,1,26673
2016,Viña del Mar y Quillota,T,65-75,1,60540
2016,Viña del Mar y Quillota,F,>75,2,29301
2016,Viña del Mar y Quillota,M,>75,1,16952
2016,Viña del Mar y Quillota,T,>75,3,46253
2016,Metropolitano Norte,F,0-5,0,22422.5
2016,Metropolitano Norte,M,0-5,1,22994.5
2016,Metropolitano Norte,T,0-5,1,45417
2016,Metropolitano Norte,F,5-15,3,47164.5
2016,Metropolitano Norte,M,5-15,0,49487
2016,Metropolitano Norte,T,5-15,3,96651.5
2016,Metropolitano Norte,F,15-25,4,52818.5
2016,Metropolitano Norte,M,15-25,1,47309.5
2016,Metropolitano Norte,T,15-25,5,100128
2016,Metropolitano Norte,F,25-35,6,52460
2016,Metropolitano Norte,M,25-35,2,40208.5
2016,Metropolitano Norte,T,25-35,8,92668.5
2016,Metropolitano Norte,F,35-45,5,48621
2016,Metropolitano Norte,M,35-45,9,38855.5
2016,Metropolitano Norte,T,35-45,14,87476.5
2016,Metropolitano Norte,F,45-55,9,49012
2016,Metropolitano Norte,M,45-55,5,41839.5
2016,Metropolitano Norte,T,45-55,14,90851.5
2016,Metropolitano Norte,F,55-65,7,37402
2016,Metropolitano Norte,M,55-65,8,32066
2016,Metropolitano Norte,T,55-65,15,69468
2016,Metropolitano Norte,F,65-75,8,26594
2016,Metropolitano Norte,M,65-75,8,21536
2016,Metropolitano Norte,T,65-75,16,48130
2016,Metropolitano Norte,F,>75,1,21434
2016,Metropolitano Norte,M,>75,1,12151
2016,Metropolitano Norte,T,>75,2,33585
2016,Metropolitano Central,F,0-5,0,22186
2016,Metropolitano Central,M,0-5,1,23102.5
2016,Metropolitano Central,T,0-5,1,45288.5
2016,Metropolitano Central,F,5-15,1,42621
2016,Metropolitano Central,M,5-15,3,45155
2016,Metropolitano Central,T,5-15,4,87776
2016,Metropolitano Central,F,15-25,4,52427.5
2016,Metropolitano Central,M,15-25,1,46529.5
2016,Metropolitano Central,T,15-25,5,98957
2016,Metropolitano Central,F,25-35,6,63454
2016,Metropolitano Central,M,25-35,2,46093.5
2016,Metropolitano Central,T,25-35,8,109547.5
2016,Metropolitano Central,F,35-45,4,54017
2016,Metropolitano Central,M,35-45,2,41759.5
2016,Metropolitano Central,T,35-45,6,95776.5
2016,Metropolitano Central,F,45-55,4,56818
2016,Metropolitano Central,M,45-55,11,44586
2016,Metropolitano Central,T,45-55,15,101404
2016,Metropolitano Central,F,55-65,6,48513
2016,Metropolitano Central,M,55-65,6,38186
2016,Metropolitano Central,T,55-65,12,86699
2016,Metropolitano Central,F,65-75,3,34341.5
2016,Metropolitano Central,M,65-75,2,25859
2016,Metropolitano Central,T,65-75,5,60200.5
2016,Metropolitano Central,F,>75,1,27307.5
2016,Metropolitano Central,M,>75,0,14519
2016,Metropolitano Central,T,>75,1,41826.5
2016,Metropolitano Oriente,F,0-5,4,13286
2016,Metropolitano Oriente,M,0-5,3,13730.5
2016,Metropolitano Oriente,T,0-5,7,27016.5
2016,Metropolitano Oriente,F,5-15,14,29675.5
2016,Metropolitano Oriente,M,5-15,14,30917
2016,Metropolitano Oriente,T,5-15,28,60592.5
2016,Metropolitano Oriente,F,15-25,17,37158.5
2016,Metropolitano Oriente,M,15-25,11,33506
2016,Metropolitano Oriente,T,15-25,28,70664.5
2016,Metropolitano Oriente,F,25-35,19,43402.5
2016,Metropolitano Oriente,M,25-35,5,29448.5
2016,Metropolitano Oriente,T,25-35,24,72851
2016,Metropolitano Oriente,F,35-45,20,44132.5
2016,Metropolitano Oriente,M,35-45,14,28450.5
2016,Metropolitano Oriente,T,35-45,34,72583
2016,Metropolitano Oriente,F,45-55,27,48247
2016,Metropolitano Oriente,M,45-55,18,31864.5
2016,Metropolitano Oriente,T,45-55,45,80111.5
2016,Metropolitano Oriente,F,55-65,15,43289.5
2016,Metropolitano Oriente,M,55-65,13,27328
2016,Metropolitano Oriente,T,55-65,28,70617.5
2016,Metropolitano Oriente,F,65-75,13,37101
2016,Metropolitano Oriente,M,65-75,12,23164
2016,Metropolitano Oriente,T,65-75,25,60265
2016,Metropolitano Oriente,F,>75,9,38671.5
2016,Metropolitano Oriente,M,>75,1,17671.5
2016,Metropolitano Oriente,T,>75,10,56343
2016,Metropolitano Sur,F,0-5,2,29215.5
2016,Metropolitano Sur,M,0-5,1,30002.5
2016,Metropolitano Sur,T,0-5,3,59218
2016,Metropolitano Sur,F,5-15,6,61550
2016,Metropolitano Sur,M,5-15,6,64221
2016,Metropolitano Sur,T,5-15,12,125771
2016,Metropolitano Sur,F,15-25,5,69821.5
2016,Metropolitano Sur,M,15-25,4,64868
2016,Metropolitano Sur,T,15-25,9,134689.5
2016,Metropolitano Sur,F,25-35,3,69183.5
2016,Metropolitano Sur,M,25-35,4,55022.5
2016,Metropolitano Sur,T,25-35,7,124206
2016,Metropolitano Sur,F,35-45,4,60003.5
2016,Metropolitano Sur,M,35-45,9,50034.5
2016,Metropolitano Sur,T,35-45,13,110038
2016,Metropolitano Sur,F,45-55,10,65710
2016,Metropolitano Sur,M,45-55,6,56888
2016,Metropolitano Sur,T,45-55,16,122598
2016,Metropolitano Sur,F,55-65,7,56500.5
2016,Metropolitano Sur,M,55-65,6,48762.5
2016,Metropolitano Sur,T,55-65,13,105263
2016,Metropolitano Sur,F,65-75,1,38808
2016,Metropolitano Sur,M,65-75,5,31106.5
2016,Metropolitano Sur,T,65-75,6,69914.5
2016,Metropolitano Sur,F,>75,2,32618
2016,Metropolitano Sur,M,>75,1,18238.5
2016,Metropolitano Sur,T,>75,3,50856.5
2016,Metropolitano Sur-Oriente,F,0-5,1,34319
2016,Metropolitano Sur-Oriente,M,0-5,0,36027.5
2016,Metropolitano Sur-Oriente,T,0-5,1,70346.5
2016,Metropolitano Sur-Oriente,F,5-15,19,75944
2016,Metropolitano Sur-Oriente,M,5-15,3,78987.5
2016,Metropolitano Sur-Oriente,T,5-15,22,154931.5
2016,Metropolitano Sur-Oriente,F,15-25,11,88104.5
2016,Metropolitano Sur-Oriente,M,15-25,14,80953
2016,Metropolitano Sur-Oriente,T,15-25,25,169057.5
2016,Metropolitano Sur-Oriente,F,25-35,11,84674.5
2016,Metropolitano Sur-Oriente,M,25-35,1,66053
2016,Metropolitano Sur-Oriente,T,25-35,12,150727.5
2016,Metropolitano Sur-Oriente,F,35-45,13,73839.5
2016,Metropolitano Sur-Oriente,M,35-45,11,59664
2016,Metropolitano Sur-Oriente,T,35-45,24,133503.5
2016,Metropolitano Sur-Oriente,F,45-55,28,81651
2016,Metropolitano Sur-Oriente,M,45-55,22,65934.5
2016,Metropolitano Sur-Oriente,T,45-55,50,147585.5
2016,Metropolitano Sur-Oriente,F,55-65,30,70455.5
2016,Metropolitano Sur-Oriente,M,55-65,22,57394.5
2016,Metropolitano Sur-Oriente,T,55-65,52,127850
2016,Metropolitano Sur-Oriente,F,65-75,8,45402.5
2016,Metropolitano Sur-Oriente,M,65-75,10,36375
2016,Metropolitano Sur-Oriente,T,65-75,18,81777.5
2016,Metropolitano Sur-Oriente,F,>75,0,29525.5
2016,Metropolitano Sur-Oriente,M,>75,3,16869
2016,Metropolitano Sur-Oriente,T,>75,3,46394.5
2016,Maule,F,0-5,3,26541
2016,Maule,M,0-5,7,27382.5
2016,Maule,T,0-5,10,53923.5
2016,Maule,F,5-15,11,57636
2016,Maule,M,5-15,15,60753.5
2016,Maule,T,5-15,26,118389.5
2016,Maule,F,15-25,16,65805
2016,Maule,M,15-25,9,63406
2016,Maule,T,15-25,25,129211
2016,Maule,F,25-35,25,64744.5
2016,Maule,M,25-35,13,53139
2016,Maule,T,25-35,38,117883.5
2016,Maule,F,35-45,36,60721
2016,Maule,M,35-45,20,50032
2016,Maule,T,35-45,56,110753
2016,Maule,F,45-55,40,64396
2016,Maule,M,45-55,28,57336.5
2016,Maule,T,45-55,68,121732.5
2016,Maule,F,55-65,39,49990
2016,Maule,M,55-65,25,46524.5
2016,Maule,T,55-65,64,96514.5
2016,Maule,F,65-75,15,33810.5
2016,Maule,M,65-75,20,31255.5
2016,Maule,T,65-75,35,65066
2016,Maule,F,>75,2,25021.5
2016,Maule,M,>75,7,18568
2016,Maule,T,>75,9,43589.5
2016,Ñuble,F,0-5,3,11470
2016,Ñuble,M,0-5,2,11885
2016,Ñuble,T,0-5,5,23355
2016,Ñuble,F,5-15,10,25872
2016,Ñuble,M,5-15,7,26825.5
2016,Ñuble,T,5-15,17,52697.5
2016,Ñuble,F,15-25,10,30445
2016,Ñuble,M,15-25,8,29377
2016,Ñuble,T,15-25,18,59822
2016,Ñuble,F,25-35,10,29383.5
2016,Ñuble,M,25-35,6,24413.5
2016,Ñuble,T,25-35,16,53797
2016,Ñuble,F,35-45,16,27814.5
2016,Ñuble,M,35-45,16,22838.5
2016,Ñuble,T,35-45,32,50653
2016,Ñuble,F,45-55,22,30630
2016,Ñuble,M,45-55,21,28043.5
2016,Ñuble,T,45-55,43,58673.5
2016,Ñuble,F,55-65,15,24046.5
2016,Ñuble,M,55-65,21,22368
2016,Ñuble,T,55-65,36,46414.5
2016,Ñuble,F,65-75,6,16848.5
2016,Ñuble,M,65-75,23,15119.5
2016,Ñuble,T,65-75,29,31968
2016,Ñuble,F,>75,5,13074
2016,Ñuble,M,>75,5,9354
2016,Ñuble,T,>75,10,22428
2016,Talcahuano,F,0-5,0,8844.5
2016,Talcahuano,M,0-5,3,9116
2016,Talcahuano,T,0-5,3,17960.5
2016,Talcahuano,F,5-15,8,18420
2016,Talcahuano,M,5-15,8,19415.5
2016,Talcahuano,T,5-15,16,37835.5
2016,Talcahuano,F,15-25,8,21925
2016,Talcahuano,M,15-25,9,21253.5
2016,Talcahuano,T,15-25,17,43178.5
2016,Talcahuano,F,25-35,15,22393.5
2016,Talcahuano,M,25-35,3,18494.5
2016,Talcahuano,T,25-35,18,40888
2016,Talcahuano,F,35-45,10,20585
2016,Talcahuano,M,35-45,10,16416
2016,Talcahuano,T,35-45,20,37001
2016,Talcahuano,F,45-55,16,23387
2016,Talcahuano,M,45-55,11,20175.5
2016,Talcahuano,T,45-55,27,43562.5
2016,Talcahuano,F,55-65,15,19866
2016,Talcahuano,M,55-65,14,16768
2016,Talcahuano,T,55-65,29,36634
2016,Talcahuano,F,65-75,12,13859
2016,Talcahuano,M,65-75,7,10591
2016,Talcahuano,T,65-75,19,24450
2016,Talcahuano,F,>75,3,10176
2016,Talcahuano,M,>75,5,5928.5
2016,Talcahuano,T,>75,8,16104.5
2016,Bio-Bio y Los Angeles,F,0-5,0,10052
2016,Bio-Bio y Los Angeles,M,0-5,0,10419
2016,Bio-Bio y Los Angeles,T,0-5,0,20471
2016,Bio-Bio y Los Angeles,F,5-15,1,24221
2016,Bio-Bio y Los Angeles,M,5-15,0,25171
2016,Bio-Bio y Los Angeles,T,5-15,1,49392
2016,Bio-Bio y Los Angeles,F,15-25,1,27369.5
2016,Bio-Bio y Los Angeles,M,15-25,1,26736.5
2016,Bio-Bio y Los Angeles,T,15-25,2,54106
2016,Bio-Bio y Los Angeles,F,25-35,2,25297
2016,Bio-Bio y Los Angeles,M,25-35,0,21570
2016,Bio-Bio y Los Angeles,T,25-35,2,46867
2016,Bio-Bio y Los Angeles,F,35-45,0,24282
2016,Bio-Bio y Los Angeles,M,35-45,0,20241
2016,Bio-Bio y Los Angeles,T,35-45,0,44523
2016,Bio-Bio y Los Angeles,F,45-55,4,24979.5
2016,Bio-Bio y Los Angeles,M,45-55,2,23043
2016,Bio-Bio y Los Angeles,T,45-55,6,48022.5
2016,Bio-Bio y Los Angeles,F,55-65,0,18830
2016,Bio-Bio y Los Angeles,M,55-65,1,17563.5
2016,Bio-Bio y Los Angeles,T,55-65,1,36393.5
2016,Bio-Bio y Los Angeles,F,65-75,1,13229
2016,Bio-Bio y Los Angeles,M,65-75,2,11961
2016,Bio-Bio y Los Angeles,T,65-75,3,25190
2016,Bio-Bio y Los Angeles,F,>75,0,10386.5
2016,Bio-Bio y Los Angeles,M,>75,0,7611
2016,Bio-Bio y Los Angeles,T,>75,0,17997.5
2016,Valdivia,F,0-5,1,9642
2016,Valdivia,M,0-5,1,9941
2016,Valdivia,T,0-5,2,19583
2016,Valdivia,F,5-15,6,20935
2016,Valdivia,M,5-15,4,21476.5
2016,Valdivia,T,5-15,10,42411.5
2016,Valdivia,F,15-25,13,23411
2016,Valdivia,M,15-25,5,22710.5
2016,Valdivia,T,15-25,18,46121.5
2016,Valdivia,F,25-35,11,22026.5
2016,Valdivia,M,25-35,8,17595
2016,Valdivia,T,25-35,19,39621.5
2016,Valdivia,F,35-45,15,19469
2016,Valdivia,M,35-45,12,15258
2016,Valdivia,T,35-45,27,34727
2016,Valdivia,F,45-55,22,21815.5
2016,Valdivia,M,45-55,16,19145
2016,Valdivia,T,45-55,38,40960.5
2016,Valdivia,F,55-65,16,16790.5
2016,Valdivia,M,55-65,19,15254.5
2016,Valdivia,T,55-65,35,32045
2016,Valdivia,F,65-75,3,11776
2016,Valdivia,M,65-75,5,10209
2016,Valdivia,T,65-75,8,21985
2016,Valdivia,F,>75,4,9703
2016,Valdivia,M,>75,1,6695
2016,Valdivia,T,>75,5,16398
2016,Osorno,F,0-5,0,5751
2016,Osorno,M,0-5,0,5963
2016,Osorno,T,0-5,0,11714
2016,Osorno,F,5-15,6,14055.5
2016,Osorno,M,5-15,2,14630
2016,Osorno,T,5-15,8,28685.5
2016,Osorno,F,15-25,13,16046
2016,Osorno,M,15-25,4,15102
2016,Osorno,T,15-25,17,31148
2016,Osorno,F,25-35,7,15173
2016,Osorno,M,25-35,6,12554.5
2016,Osorno,T,25-35,13,27727.5
2016,Osorno,F,35-45,11,14798.5
2016,Osorno,M,35-45,12,12217.5
2016,Osorno,T,35-45,23,27016
2016,Osorno,F,45-55,18,15276
2016,Osorno,M,45-55,12,13767
2016,Osorno,T,45-55,30,29043
2016,Osorno,F,55-65,11,12073.5
2016,Osorno,M,55-65,16,10821
2016,Osorno,T,55-65,27,22894.5
2016,Osorno,F,65-75,7,8706
2016,Osorno,M,65-75,6,7376
2016,Osorno,T,65-75,13,16082
2016,Osorno,F,>75,4,7106.5
2016,Osorno,M,>75,4,4951
2016,Osorno,T,>75,8,12057.5
2016,Reloncavi,F,0-5,0,10257
2016,Reloncavi,M,0-5,0,10355.5
2016,Reloncavi,T,0-5,0,20612.5
2016,Reloncavi,F,5-15,1,24445.5
2016,Reloncavi,M,5-15,1,25311
2016,Reloncavi,T,5-15,2,49756.5
2016,Reloncavi,F,15-25,1,26785.5
2016,Reloncavi,M,15-25,0,24853.5
2016,Reloncavi,T,15-25,1,51639
2016,Reloncavi,F,25-35,1,26240.5
2016,Reloncavi,M,25-35,2,20847.5
2016,Reloncavi,T,25-35,3,47088
2016,Reloncavi,F,35-45,2,24270
2016,Reloncavi,M,35-45,1,20044.5
2016,Reloncavi,T,35-45,3,44314.5
2016,Reloncavi,F,45-55,3,24095
2016,Reloncavi,M,45-55,0,21956
2016,Reloncavi,T,45-55,3,46051
2016,Reloncavi,F,55-65,2,16689
2016,Reloncavi,M,55-65,1,15749.5
2016,Reloncavi,T,55-65,3,32438.5
2016,Reloncavi,F,65-75,0,11440.5
2016,Reloncavi,M,65-75,0,10482
2016,Reloncavi,T,65-75,0,21922.5
2016,Reloncavi,F,>75,0,8873.5
2016,Reloncavi,M,>75,0,6287.5
2016,Reloncavi,T,>75,0,15161
2016,Chiloé,F,0-5,2,4037
2016,Chiloé,M,0-5,0,4270
2016,Chiloé,T,0-5,2,8307
2016,Chiloé,F,5-15,7,10906
2016,Chiloé,M,5-15,2,11319.5
2016,Chiloé,T,5-15,9,22225.5
2016,Chiloé,F,15-25,8,12119.5
2016,Chiloé,M,15-25,2,11877
2016,Chiloé,T,15-25,10,23996.5
2016,Chiloé,F,25-35,8,11864
2016,Chiloé,M,25-35,6,9199
2016,Chiloé,T,25-35,14,21063
2016,Chiloé,F,35-45,6,11388.5
2016,Chiloé,M,35-45,12,9668.5
2016,Chiloé,T,35-45,18,21057
2016,Chiloé,F,45-55,7,10794
2016,Chiloé,M,45-55,13,10217.5
2016,Chiloé,T,45-55,20,21011.5
2016,Chiloé,F,55-65,6,7638.5
2016,Chiloé,M,55-65,5,6999.5
2016,Chiloé,T,55-65,11,14638
2016,Chiloé,F,65-75,3,5574.5
2016,Chiloé,M,65-75,4,4729.5
2016,Chiloé,T,65-75,7,10304
2016,Chiloé,F,>75,4,4845
2016,Chiloé,M,>75,0,3036
2016,Chiloé,T,>75,4,7881
2016,Aysen,F,0-5,0,2326
2016,Aysen,M,0-5,0,2365.5
2016,Aysen,T,0-5,0,4691.5
2016,Aysen,F,5-15,0,6003.5
2016,Aysen,M,5-15,2,6325
2016,Aysen,T,5-15,2,12328.5
2016,Aysen,F,15-25,8,6572
2016,Aysen,M,15-25,1,6281.5
2016,Aysen,T,15-25,9,12853.5
2016,Aysen,F,25-35,2,6878.5
2016,Aysen,M,25-35,4,5693.5
2016,Aysen,T,25-35,6,12572
2016,Aysen,F,35-45,2,6107
2016,Aysen,M,35-45,3,5110.5
2016,Aysen,T,35-45,5,11217.5
2016,Aysen,F,45-55,2,5649
2016,Aysen,M,45-55,7,5188
2016,Aysen,T,45-55,9,10837
2016,Aysen,F,55-65,8,4369
2016,Aysen,M,55-65,7,4082
2016,Aysen,T,55-65,15,8451
2016,Aysen,F,65-75,1,2649
2016,Aysen,M,65-75,5,2647
2016,Aysen,T,65-75,6,5296
2016,Aysen,F,>75,0,1791.5
2016,Aysen,M,>75,2,1502
2016,Aysen,T,>75,2,3293.5
2017,Arica y Parinacota,F,0-5,0,6595
2017,Arica y Parinacota,M,0-5,0,6809.5
2017,Arica y Parinacota,T,0-5,0,13404.5
2017,Arica y Parinacota,F,5-15,3,12836.5
2017,Arica y Parinacota,M,5-15,0,13246.5
2017,Arica y Parinacota,T,5-15,3,26083
2017,Arica y Parinacota,F,15-25,3,13507.5
2017,Arica y Parinacota,M,15-25,3,12773.5
2017,Arica y Parinacota,T,15-25,6,26281
2017,Arica y Parinacota,F,25-35,4,14163.5
2017,Arica y Parinacota,M,25-35,3,10632.5
2017,Arica y Parinacota,T,25-35,7,24796
2017,Arica y Parinacota,F,35-45,5,12094
2017,Arica y Parinacota,M,35-45,3,8419
2017,Arica y Parinacota,T,35-45,8,20513
2017,Arica y Parinacota,F,45-55,9,11502.5
2017,Arica y Parinacota,M,45-55,2,8449
2017,Arica y Parinacota,T,45-55,11,19951.5
2017,Arica y Parinacota,F,55-65,7,9059.5
2017,Arica y Parinacota,M,55-65,11,7198
2017,Arica y Parinacota,T,55-65,18,16257.5
2017,Arica y Parinacota,F,65-75,1,6737.5
2017,Arica y Parinacota,M,65-75,4,5555.5
2017,Arica y Parinacota,T,65-75,5,12293
2017,Arica y Parinacota,F,>75,4,4885
2017,Arica y Parinacota,M,>75,0,3496.5
2017,Arica y Parinacota,T,>75,4,8381.5
2017,Antofagasta,F,0-5,0,14438.5
2017,Antofagasta,M,0-5,0,14857
2017,Antofagasta,T,0-5,0,29295.5
2017,Antofagasta,F,5-15,3,27778.5
2017,Antofagasta,M,5-15,1,28826
2017,Antofagasta,T,5-15,4,56604.5
2017,Antofagasta,F,15-25,2,32813.5
2017,Antofagasta,M,15-25,2,30395.5
2017,Antofagasta,T,15-25,4,63209
2017,Antofagasta,F,25-35,5,37699.5
2017,Antofagasta,M,25-35,0,29559.5
2017,Antofagasta,T,25-35,5,67259
2017,Antofagasta,F,35-45,6,31769
2017,Antofagasta,M,35-45,2,25747
2017,Antofagasta,T,35-45,8,57516
2017,Antofagasta,F,45-55,5,27506
2017,Antofagasta,M,45-55,4,24218.5
2017,Antofagasta,T,45-55,9,51724.5
2017,Antofagasta,F,55-65,5,22336
2017,Antofagasta,M,55-65,3,20217
2017,Antofagasta,T,55-65,8,42553
2017,Antofagasta,F,65-75,4,14036.5
2017,Antofagasta,M,65-75,4,11759
2017,Antofagasta,T,65-75,8,25795.5
2017,Antofagasta,F,>75,2,10808
2017,Antofagasta,M,>75,2,6382
2017,Antofagasta,T,>75,4,17190
2017,Atacama,F,0-5,0,7860.5
2017,Atacama,M,0-5,0,8272.5
2017,Atacama,T,0-5,0,16133
2017,Atacama,F,5-15,2,17718
2017,Atacama,M,5-15,1,18392
2017,Atacama,T,5-15,3,36110
2017,Atacama,F,15-25,4,18374
2017,Atacama,M,15-25,1,18163.5
2017,Atacama,T,15-25,5,36537.5
2017,Atacama,F,25-35,5,19058
2017,Atacama,M,25-35,1,16520.5
2017,Atacama,T,25-35,6,35578.5
2017,Atacama,F,35-45,8,15932
2017,Atacama,M,35-45,1,14033
2017,Atacama,T,35-45,9,29965
2017,Atacama,F,45-55,4,16270.5
2017,Atacama,M,45-55,5,15254.5
2017,Atacama,T,45-55,9,31525
2017,Atacama,F,55-65,2,13243
2017,Atacama,M,55-65,5,12490
2017,Atacama,T,55-65,7,25733
2017,Atacama,F,65-75,3,8470.5
2017,Atacama,M,65-75,1,7807.5
2017,Atacama,T,65-75,4,16278
2017,Atacama,F,>75,2,6650.5
2017,Atacama,M,>75,1,5082
2017,Atacama,T,>75,3,11732.5
2017,Coquimbo,F,0-5,1,21550.5
2017,Coquimbo,M,0-5,1,22519.5
2017,Coquimbo,T,0-5,2,44070
2017,Coquimbo,F,5-15,2,43958
2017,Coquimbo,M,5-15,2,45956
2017,Coquimbo,T,5-15,4,89914
2017,Coquimbo,F,15-25,1,47016.5
2017,Coquimbo,M,15-25,8,46160
2017,Coquimbo,T,15-25,9,93176.5
2017,Coquimbo,F,25-35,8,49186
2017,Coquimbo,M,25-35,2,42506
2017,Coquimbo,T,25-35,10,91692
2017,Coquimbo,F,35-45,3,43260
2017,Coquimbo,M,35-45,1,36613
2017,Coquimbo,T,35-45,4,79873
2017,Coquimbo,F,45-55,7,43258
2017,Coquimbo,M,45-55,6,38173
2017,Coquimbo,T,45-55,13,81431
2017,Coquimbo,F,55-65,3,35513.5
2017,Coquimbo,M,55-65,5,31950.5
2017,Coquimbo,T,55-65,8,67464
2017,Coquimbo,F,65-75,3,23678
2017,Coquimbo,M,65-75,5,20583.5
2017,Coquimbo,T,65-75,8,44261.5
2017,Coquimbo,F,>75,1,20223
2017,Coquimbo,M,>75,0,14178.5
2017,Coquimbo,T,>75,1,34401.5
2017,Viña del Mar y Quillota,F,0-5,0,23247.5
2017,Viña del Mar y Quillota,M,0-5,0,23661
2017,Viña del Mar y Quillota,T,0-5,0,46908.5
2017,Viña del Mar y Quillota,F,5-15,2,47851.5
2017,Viña del Mar y Quillota,M,5-15,1,49783.5
2017,Viña del Mar y Quillota,T,5-15,3,97635
2017,Viña del Mar y Quillota,F,15-25,1,55764.5
2017,Viña del Mar y Quillota,M,15-25,2,54194.5
2017,Viña del Mar y Quillota,T,15-25,3,109959
2017,Viña del Mar y Quillota,F,25-35,2,61260
2017,Viña del Mar y Quillota,M,25-35,1,50038
2017,Viña del Mar y Quillota,T,25-35,3,111298
2017,Viña del Mar y Quillota,F,35-45,1,52726.5
2017,Viña del Mar y Quillota,M,35-45,1,42086
2017,Viña del Mar y Quillota,T,35-45,2,94812.5
2017,Viña del Mar y Quillota,F,45-55,2,55118
2017,Viña del Mar y Quillota,M,45-55,0,45564.5
2017,Viña del Mar y Quillota,T,45-55,2,100682.5
2017,Viña del Mar y Quillota,F,55-65,3,50022
2017,Viña del Mar y Quillota,M,55-65,7,41171
2017,Viña del Mar y Quillota,T,55-65,10,91193
2017,Viña del Mar y Quillota,F,65-75,0,34856.5
2017,Viña del Mar y Quillota,M,65-75,3,27908.5
2017,Viña del Mar y Quillota,T,65-75,3,62765
2017,Viña del Mar y Quillota,F,>75,1,31315.5
2017,Viña del Mar y Quillota,M,>75,1,18451.5
2017,Viña del Mar y Quillota,T,>75,2,49767
2017,Aconcagua,F,0-5,0,7294
2017,Aconcagua,M,0-5,0,7536
2017,Aconcagua,T,0-5,0,14830
2017,Aconcagua,F,5-15,0,15164.5
2017,Aconcagua,M,5-15,0,15635.5
2017,Aconcagua,T,5-15,0,30800
2017,Aconcagua,F,15-25,3,16608
2017,Aconcagua,M,15-25,1,16517.5
2017,Aconcagua,T,15-25,4,33125.5
2017,Aconcagua,F,25-35,1,17400.5
2017,Aconcagua,M,25-35,1,14928.5
2017,Aconcagua,T,25-35,2,32329
2017,Aconcagua,F,35-45,0,15272
2017,Aconcagua,M,35-45,0,13235
2017,Aconcagua,T,35-45,0,28507
2017,Aconcagua,F,45-55,1,15966
2017,Aconcagua,M,45-55,0,14030.5
2017,Aconcagua,T,45-55,1,29996.5
2017,Aconcagua,F,55-65,0,13328
2017,Aconcagua,M,55-65,3,11946
2017,Aconcagua,T,55-65,3,25274
2017,Aconcagua,F,65-75,2,8845
2017,Aconcagua,M,65-75,0,8076.5
2017,Aconcagua,T,65-75,2,16921.5
2017,Aconcagua,F,>75,0,7104
2017,Aconcagua,M,>75,1,4926.5
2017,Aconcagua,T,>75,1,12030.5
2017,Metropolitano Norte,F,0-5,3,23034.5
2017,Metropolitano Norte,M,0-5,0,23626.5
2017,Metropolitano Norte,T,0-5,3,46661
2017,Metropolitano Norte,F,5-15,4,48164
2017,Metropolitano Norte,M,5-15,3,50349
2017,Metropolitano Norte,T,5-15,7,98513
2017,Metropolitano Norte,F,15-25,5,53862
2017,Metropolitano Norte,M,15-25,2,48666
2017,Metropolitano Norte,T,15-25,7,102528
2017,Metropolitano Norte,F,25-35,13,56688
2017,Metropolitano Norte,M,25-35,4,44595
2017,Metropolitano Norte,T,25-35,17,101283
2017,Metropolitano Norte,F,35-45,11,50626.5
2017,Metropolitano Norte,M,35-45,9,41124
2017,Metropolitano Norte,T,35-45,20,91750.5
2017,Metropolitano Norte,F,45-55,18,50650
2017,Metropolitano Norte,M,45-55,17,43530.5
2017,Metropolitano Norte,T,45-55,35,94180.5
2017,Metropolitano Norte,F,55-65,19,39665.5
2017,Metropolitano Norte,M,55-65,16,34179.5
2017,Metropolitano Norte,T,55-65,35,73845
2017,Metropolitano Norte,F,65-75,12,27082
2017,Metropolitano Norte,M,65-75,10,22116.5
2017,Metropolitano Norte,T,65-75,22,49198.5
2017,Metropolitano Norte,F,>75,1,22715.5
2017,Metropolitano Norte,M,>75,3,13038.5
2017,Metropolitano Norte,T,>75,4,35754
2017,Metropolitano Occidente,F,0-5,1,30681.5
2017,Metropolitano Occidente,M,0-5,2,31637
2017,Metropolitano Occidente,T,0-5,3,62318.5
2017,Metropolitano Occidente,F,5-15,8,66727
2017,Metropolitano Occidente,M,5-15,5,69893
2017,Metropolitano Occidente,T,5-15,13,136620
2017,Metropolitano Occidente,F,15-25,4,76296.5
2017,Metropolitano Occidente,M,15-25,2,71521.5
2017,Metropolitano Occidente,T,15-25,6,147818
2017,Metropolitano Occidente,F,25-35,16,76233
2017,Metropolitano Occidente,M,25-35,9,62946
2017,Metropolitano Occidente,T,25-35,25,139179
2017,Metropolitano Occidente,F,35-45,7,69065
2017,Metropolitano Occidente,M,35-45,9,58224
2017,Metropolitano Occidente,T,35-45,16,127289
2017,Metropolitano Occidente,F,45-55,15,72075
2017,Metropolitano Occidente,M,45-55,10,63466
2017,Metropolitano Occidente,T,45-55,25,135541
2017,Metropolitano Occidente,F,55-65,13,59787
2017,Metropolitano Occidente,M,55-65,10,51994.5
2017,Metropolitano Occidente,T,55-65,23,111781.5
2017,Metropolitano Occidente,F,65-75,8,41225.5
2017,Metropolitano Occidente,M,65-75,3,34480.5
2017,Metropolitano Occidente,T,65-75,11,75706
2017,Metropolitano Occidente,F,>75,2,31272.5
2017,Metropolitano Occidente,M,>75,2,20079.5
2017,Metropolitano Occidente,T,>75,4,51352
2017,Metropolitano Central,F,0-5,1,22858.5
2017,Metropolitano Central,M,0-5,2,23601.5
2017,Metropolitano Central,T,0-5,3,46460
2017,Metropolitano Central,F,5-15,0,43528.5
2017,Metropolitano Central,M,5-15,0,46002.5
2017,Metropolitano Central,T,5-15,0,89531
2017,Metropolitano Central,F,15-25,0,53398
2017,Metropolitano Central,M,15-25,0,48455
2017,Metropolitano Central,T,15-25,0,101853
2017,Metropolitano Central,F,25-35,2,70748
2017,Metropolitano Central,M,25-35,0,53699
2017,Metropolitano Central,T,25-35,2,124447
2017,Metropolitano Central,F,35-45,2,57350.5
2017,Metropolitano Central,M,35-45,3,46023.5
2017,Metropolitano Central,T,35-45,5,103374
2017,Metropolitano Central,F,45-55,3,57968.5
2017,Metropolitano Central,M,45-55,2,45857
2017,Metropolitano Central,T,45-55,5,103825.5
2017,Metropolitano Central,F,55-65,6,51359.5
2017,Metropolitano Central,M,55-65,4,40716.5
2017,Metropolitano Central,T,55-65,10,92076
2017,Metropolitano Central,F,65-75,0,34841
2017,Metropolitano Central,M,65-75,3,26401
2017,Metropolitano Central,T,65-75,3,61242
2017,Metropolitano Central,F,>75,0,28755.5
2017,Metropolitano Central,M,>75,1,15660.5
2017,Metropolitano Central,T,>75,1,44416
2017,Metropolitano Oriente,F,0-5,0,13229
2017,Metropolitano Oriente,M,0-5,1,13607
2017,Metropolitano Oriente,T,0-5,1,26836
2017,Metropolitano Oriente,F,5-15,21,29692
2017,Metropolitano Oriente,M,5-15,10,30849.5
2017,Metropolitano Oriente,T,5-15,31,60541.5
2017,Metropolitano Oriente,F,15-25,13,36768.5
2017,Metropolitano Oriente,M,15-25,7,33575
2017,Metropolitano Oriente,T,15-25,20,70343.5
2017,Metropolitano Oriente,F,25-35,22,45229
2017,Metropolitano Oriente,M,25-35,17,31742.5
2017,Metropolitano Oriente,T,25-35,39,76971.5
2017,Metropolitano Oriente,F,35-45,23,44854
2017,Metropolitano Oriente,M,35-45,18,29511.5
2017,Metropolitano Oriente,T,35-45,41,74365.5
2017,Metropolitano Oriente,F,45-55,37,49019
2017,Metropolitano Oriente,M,45-55,20,32914
2017,Metropolitano Oriente,T,45-55,57,81933
2017,Metropolitano Oriente,F,55-65,33,44899
2017,Metropolitano Oriente,M,55-65,30,28878
2017,Metropolitano Oriente,T,55-65,63,73777
2017,Metropolitano Oriente,F,65-75,26,37164
2017,Metropolitano Oriente,M,65-75,17,23290
2017,Metropolitano Oriente,T,65-75,43,60454
2017,Metropolitano Oriente,F,>75,11,40362
2017,Metropolitano Oriente,M,>75,10,18914
2017,Metropolitano Oriente,T,>75,21,59276
2017,Metropolitano Sur,F,0-5,0,29018
2017,Metropolitano Sur,M,0-5,0,29913.5
2017,Metropolitano Sur,T,0-5,0,58931.5
2017,Metropolitano Sur,F,5-15,0,62065.5
2017,Metropolitano Sur,M,5-15,0,64728.5
2017,Metropolitano Sur,T,5-15,0,126794
2017,Metropolitano Sur,F,15-25,0,69688
2017,Metropolitano Sur,M,15-25,1,65128.5
2017,Metropolitano Sur,T,15-25,1,134816.5
2017,Metropolitano Sur,F,25-35,0,72230
2017,Metropolitano Sur,M,25-35,1,58462
2017,Metropolitano Sur,T,25-35,1,130692
2017,Metropolitano Sur,F,35-45,0,61389
2017,Metropolitano Sur,M,35-45,0,52078
2017,Metropolitano Sur,T,35-45,0,113467
2017,Metropolitano Sur,F,45-55,0,65999.5
2017,Metropolitano Sur,M,45-55,1,57503
2017,Metropolitano Sur,T,45-55,1,123502.5
2017,Metropolitano Sur,F,55-65,1,59087
2017,Metropolitano Sur,M,55-65,1,51566
2017,Metropolitano Sur,T,55-65,2,110653
2017,Metropolitano Sur,F,65-75,1,39101.5
2017,Metropolitano Sur,M,65-75,1,31820.5
2017,Metropolitano Sur,T,65-75,2,70922
2017,Metropolitano Sur,F,>75,0,34011.5
2017,Metropolitano Sur,M,>75,0,19263.5
2017,Metropolitano Sur,T,>75,0,53275
2017,Metropolitano Sur-Oriente,F,0-5,1,33944.5
2017,Metropolitano Sur-Oriente,M,0-5,0,35404.5
2017,Metropolitano Sur-Oriente,T,0-5,1,69349
2017,Metropolitano Sur-Oriente,F,5-15,10,75810
2017,Metropolitano Sur-Oriente,M,5-15,2,79109.5
2017,Metropolitano Sur-Oriente,T,5-15,12,154919.5
2017,Metropolitano Sur-Oriente,F,15-25,8,87099
2017,Metropolitano Sur-Oriente,M,15-25,0,80588.5
2017,Metropolitano Sur-Oriente,T,15-25,8,167687.5
2017,Metropolitano Sur-Oriente,F,25-35,17,87629
2017,Metropolitano Sur-Oriente,M,25-35,6,68935
2017,Metropolitano Sur-Oriente,T,25-35,23,156564
2017,Metropolitano Sur-Oriente,F,35-45,12,74965.5
2017,Metropolitano Sur-Oriente,M,35-45,11,61298.5
2017,Metropolitano Sur-Oriente,T,35-45,23,136264
2017,Metropolitano Sur-Oriente,F,45-55,20,81736.5
2017,Metropolitano Sur-Oriente,M,45-55,22,66698.5
2017,Metropolitano Sur-Oriente,T,45-55,42,148435
2017,Metropolitano Sur-Oriente,F,55-65,33,73885.5
2017,Metropolitano Sur-Oriente,M,55-65,17,60337
2017,Metropolitano Sur-Oriente,T,55-65,50,134222.5
2017,Metropolitano Sur-Oriente,F,65-75,7,46575
2017,Metropolitano Sur-Oriente,M,65-75,9,37786
2017,Metropolitano Sur-Oriente,T,65-75,16,84361
2017,Metropolitano Sur-Oriente,F,>75,2,31604.5
2017,Metropolitano Sur-Oriente,M,>75,5,18343
2017,Metropolitano Sur-Oriente,T,>75,7,49947.5
2017,Maule,F,0-5,4,27024
2017,Maule,M,0-5,5,27919
2017,Maule,T,0-5,9,54943
2017,Maule,F,5-15,20,58367.5
2017,Maule,M,5-15,12,61480
2017,Maule,T,5-15,32,119847.5
2017,Maule,F,15-25,21,65597
2017,Maule,M,15-25,20,63396.5
2017,Maule,T,15-25,41,128993.5
2017,Maule,F,25-35,24,67158.5
2017,Maule,M,25-35,20,55362
2017,Maule,T,25-35,44,122520.5
2017,Maule,F,35-45,38,61832.5
2017,Maule,M,35-45,19,51419.5
2017,Maule,T,35-45,57,113252
2017,Maule,F,45-55,37,65261
2017,Maule,M,45-55,25,58286
2017,Maule,T,45-55,62,123547
2017,Maule,F,55-65,39,52603
2017,Maule,M,55-65,34,49310
2017,Maule,T,55-65,73,101913
2017,Maule,F,65-75,23,34667
2017,Maule,M,65-75,30,32276
2017,Maule,T,65-75,53,66943
2017,Maule,F,>75,8,26492.5
2017,Maule,M,>75,5,19912.5
2017,Maule,T,>75,13,46405
2017,Ñuble,F,0-5,4,12589.5
2017,Ñuble,M,0-5,1,13061
2017,Ñuble,T,0-5,5,25650.5
2017,Ñuble,F,5-15,9,27572
2017,Ñuble,M,5-15,6,28571.5
2017,Ñuble,T,5-15,15,56143.5
2017,Ñuble,F,15-25,14,31994
2017,Ñuble,M,15-25,8,30756
2017,Ñuble,T,15-25,22,62750
2017,Ñuble,F,25-35,15,32569
2017,Ñuble,M,25-35,10,26859
2017,Ñuble,T,25-35,25,59428
2017,Ñuble,F,35-45,25,29650
2017,Ñuble,M,35-45,12,24324.5
2017,Ñuble,T,35-45,37,53974.5
2017,Ñuble,F,45-55,36,32798
2017,Ñuble,M,45-55,29,29882
2017,Ñuble,T,45-55,65,62680
2017,Ñuble,F,55-65,24,26127
2017,Ñuble,M,55-65,30,24590
2017,Ñuble,T,55-65,54,50717
2017,Ñuble,F,65-75,13,17632
2017,Ñuble,M,65-75,23,15898
2017,Ñuble,T,65-75,36,33530
2017,Ñuble,F,>75,3,14229.5
2017,Ñuble,M,>75,6,10282
2017,Ñuble,T,>75,9,24511.5
2017,Talcahuano,F,0-5,1,7767
2017,Talcahuano,M,0-5,0,7958
2017,Talcahuano,T,0-5,1,15725
2017,Talcahuano,F,5-15,4,17283
2017,Talcahuano,M,5-15,2,18255.5
2017,Talcahuano,T,5-15,6,35538.5
2017,Talcahuano,F,15-25,4,20251.5
2017,Talcahuano,M,15-25,3,19909.5
2017,Talcahuano,T,15-25,7,40161
2017,Talcahuano,F,25-35,6,21204.5
2017,Talcahuano,M,25-35,4,18033.5
2017,Talcahuano,T,25-35,10,39238
2017,Talcahuano,F,35-45,7,19125
2017,Talcahuano,M,35-45,4,15487.5
2017,Talcahuano,T,35-45,11,34612.5
2017,Talcahuano,F,45-55,9,21945.5
2017,Talcahuano,M,45-55,10,19034.5
2017,Talcahuano,T,45-55,19,40980
2017,Talcahuano,F,55-65,7,19760
2017,Talcahuano,M,55-65,4,16827.5
2017,Talcahuano,T,55-65,11,36587.5
2017,Talcahuano,F,65-75,9,13501.5
2017,Talcahuano,M,65-75,5,10531
2017,Talcahuano,T,65-75,14,24032.5
2017,Talcahuano,F,>75,1,10659
2017,Talcahuano,M,>75,2,6255.5
2017,Talcahuano,T,>75,3,16914.5
2017,Bio-Bio y Los Angeles,F,0-5,0,10241
2017,Bio-Bio y Los Angeles,M,0-5,1,10661
2017,Bio-Bio y Los Angeles,T,0-5,1,20902
2017,Bio-Bio y Los Angeles,F,5-15,4,24224.5
2017,Bio-Bio y Los Angeles,M,5-15,8,25163.5
2017,Bio-Bio y Los Angeles,T,5-15,12,49388
2017,Bio-Bio y Los Angeles,F,15-25,5,26920
2017,Bio-Bio y Los Angeles,M,15-25,3,26340
2017,Bio-Bio y Los Angeles,T,15-25,8,53260
2017,Bio-Bio y Los Angeles,F,25-35,8,26077.5
2017,Bio-Bio y Los Angeles,M,25-35,2,22223.5
2017,Bio-Bio y Los Angeles,T,25-35,10,48301
2017,Bio-Bio y Los Angeles,F,35-45,6,24317
2017,Bio-Bio y Los Angeles,M,35-45,4,20513
2017,Bio-Bio y Los Angeles,T,35-45,10,44830
2017,Bio-Bio y Los Angeles,F,45-55,12,25445.5
2017,Bio-Bio y Los Angeles,M,45-55,7,23399
2017,Bio-Bio y Los Angeles,T,45-55,19,48844.5
2017,Bio-Bio y Los Angeles,F,55-65,7,19613.5
2017,Bio-Bio y Los Angeles,M,55-65,3,18653.5
2017,Bio-Bio y Los Angeles,T,55-65,10,38267
2017,Bio-Bio y Los Angeles,F,65-75,5,13346.5
2017,Bio-Bio y Los Angeles,M,65-75,5,12183.5
2017,Bio-Bio y Los Angeles,T,65-75,10,25530
2017,Bio-Bio y Los Angeles,F,>75,2,10939
2017,Bio-Bio y Los Angeles,M,>75,0,8164.5
2017,Bio-Bio y Los Angeles,T,>75,2,19103.5
2017,Valdivia,F,0-5,0,9530.5
2017,Valdivia,M,0-5,1,9850.5
2017,Valdivia,T,0-5,1,19381
2017,Valdivia,F,5-15,7,21047
2017,Valdivia,M,5-15,4,21675.5
2017,Valdivia,T,5-15,11,42722.5
2017,Valdivia,F,15-25,11,23188.5
2017,Valdivia,M,15-25,7,22669
2017,Valdivia,T,15-25,18,45857.5
2017,Valdivia,F,25-35,17,22716
2017,Valdivia,M,25-35,4,18653
2017,Valdivia,T,25-35,21,41369
2017,Valdivia,F,35-45,12,19705
2017,Valdivia,M,35-45,14,15639
2017,Valdivia,T,35-45,26,35344
2017,Valdivia,F,45-55,19,21931
2017,Valdivia,M,45-55,14,19465
2017,Valdivia,T,45-55,33,41396
2017,Valdivia,F,55-65,10,17735
2017,Valdivia,M,55-65,13,16315
2017,Valdivia,T,55-65,23,34050
2017,Valdivia,F,65-75,3,12105.5
2017,Valdivia,M,65-75,13,10560.5
2017,Valdivia,T,65-75,16,22666
2017,Valdivia,F,>75,3,10288.5
2017,Valdivia,M,>75,5,7155.5
2017,Valdivia,T,>75,8,17444
2017,Osorno,F,0-5,0,5663.5
2017,Osorno,M,0-5,0,5896
2017,Osorno,T,0-5,0,11559.5
2017,Osorno,F,5-15,4,14097.5
2017,Osorno,M,5-15,7,14638
2017,Osorno,T,5-15,11,28735.5
2017,Osorno,F,15-25,6,16166
2017,Osorno,M,15-25,3,15269
2017,Osorno,T,15-25,9,31435
2017,Osorno,F,25-35,5,15674.5
2017,Osorno,M,25-35,6,13202
2017,Osorno,T,25-35,11,28876.5
2017,Osorno,F,35-45,8,14908
2017,Osorno,M,35-45,7,12454
2017,Osorno,T,35-45,15,27362
2017,Osorno,F,45-55,12,15525
2017,Osorno,M,45-55,12,14014.5
2017,Osorno,T,45-55,24,29539.5
2017,Osorno,F,55-65,10,12566
2017,Osorno,M,55-65,17,11448.5
2017,Osorno,T,55-65,27,24014.5
2017,Osorno,F,65-75,6,8803
2017,Osorno,M,65-75,9,7515
2017,Osorno,T,65-75,15,16318
2017,Osorno,F,>75,2,7538.5
2017,Osorno,M,>75,4,5250
2017,Osorno,T,>75,6,12788.5
2017,Reloncavi,F,0-5,0,10735.5
2017,Reloncavi,M,0-5,0,10874.5
2017,Reloncavi,T,0-5,0,21610
2017,Reloncavi,F,5-15,2,24864.5
2017,Reloncavi,M,5-15,0,25686.5
2017,Reloncavi,T,5-15,2,50551
2017,Reloncavi,F,15-25,1,27200.5
2017,Reloncavi,M,15-25,3,25514
2017,Reloncavi,T,15-25,4,52714.5
2017,Reloncavi,F,25-35,3,28010.5
2017,Reloncavi,M,25-35,2,22242
2017,Reloncavi,T,25-35,5,50252.5
2017,Reloncavi,F,35-45,3,25003.5
2017,Reloncavi,M,35-45,1,20835
2017,Reloncavi,T,35-45,4,45838.5
2017,Reloncavi,F,45-55,6,24987
2017,Reloncavi,M,45-55,7,22995
2017,Reloncavi,T,45-55,13,47982
2017,Reloncavi,F,55-65,2,17826
2017,Reloncavi,M,55-65,4,16982.5
2017,Reloncavi,T,55-65,6,34808.5
2017,Reloncavi,F,65-75,2,11734.5
2017,Reloncavi,M,65-75,3,10805.5
2017,Reloncavi,T,65-75,5,22540
2017,Reloncavi,F,>75,1,9538.5
2017,Reloncavi,M,>75,0,6833
2017,Reloncavi,T,>75,1,16371.5
2017,Chiloé,F,0-5,1,4090.5
2017,Chiloé,M,0-5,0,4247
2017,Chiloé,T,0-5,1,8337.5
2017,Chiloé,F,5-15,2,10842.5
2017,Chiloé,M,5-15,7,11285
2017,Chiloé,T,5-15,9,22127.5
2017,Chiloé,F,15-25,8,12192.5
2017,Chiloé,M,15-25,3,12050.5
2017,Chiloé,T,15-25,11,24243
2017,Chiloé,F,25-35,2,12182
2017,Chiloé,M,25-35,3,9638.5
2017,Chiloé,T,25-35,5,21820.5
2017,Chiloé,F,35-45,3,11579
2017,Chiloé,M,35-45,3,9934.5
2017,Chiloé,T,35-45,6,21513.5
2017,Chiloé,F,45-55,5,11135
2017,Chiloé,M,45-55,12,10596.5
2017,Chiloé,T,45-55,17,21731.5
2017,Chiloé,F,55-65,5,8046
2017,Chiloé,M,55-65,12,7577
2017,Chiloé,T,55-65,17,15623
2017,Chiloé,F,65-75,5,5598.5
2017,Chiloé,M,65-75,5,4771.5
2017,Chiloé,T,65-75,10,10370
2017,Chiloé,F,>75,1,5182.5
2017,Chiloé,M,>75,0,3271.5
2017,Chiloé,T,>75,1,8454
2017,Aysen,F,0-5,1,2298
2017,Aysen,M,0-5,1,2315
2017,Aysen,T,0-5,2,4613
2017,Aysen,F,5-15,12,6198.5
2017,Aysen,M,5-15,4,6532.5
2017,Aysen,T,5-15,16,12731
2017,Aysen,F,15-25,7,6895.5
2017,Aysen,M,15-25,5,6574.5
2017,Aysen,T,15-25,12,13470
2017,Aysen,F,25-35,15,7434.5
2017,Aysen,M,25-35,6,6221
2017,Aysen,T,25-35,21,13655.5
2017,Aysen,F,35-45,10,6441.5
2017,Aysen,M,35-45,9,5409
2017,Aysen,T,35-45,19,11850.5
2017,Aysen,F,45-55,20,5946
2017,Aysen,M,45-55,14,5453
2017,Aysen,T,45-55,34,11399
2017,Aysen,F,55-65,5,4663.5
2017,Aysen,M,55-65,18,4424.5
2017,Aysen,T,55-65,23,9088
2017,Aysen,F,65-75,4,2770
2017,Aysen,M,65-75,6,2751.5
2017,Aysen,T,65-75,10,5521.5
2017,Aysen,F,>75,1,1975.5
2017,Aysen,M,>75,3,1651.5
2017,Aysen,T,>75,4,3627
2017,Magallanes,F,0-5,0,3471.5
2017,Magallanes,M,0-5,0,3538
2017,Magallanes,T,0-5,0,7009.5
2017,Magallanes,F,5-15,0,7471.5
2017,Magallanes,M,5-15,0,7752.5
2017,Magallanes,T,5-15,0,15224
2017,Magallanes,F,15-25,0,8644.5
2017,Magallanes,M,15-25,0,8176.5
2017,Magallanes,T,15-25,0,16821
2017,Magallanes,F,25-35,2,10462.5
2017,Magallanes,M,25-35,0,8162.5
2017,Magallanes,T,25-35,2,18625
2017,Magallanes,F,35-45,1,9224
2017,Magallanes,M,35-45,0,7532.5
2017,Magallanes,T,35-45,1,16756.5
2017,Magallanes,F,45-55,1,8895.5
2017,Magallanes,M,45-55,1,8069
2017,Magallanes,T,45-55,2,16964.5
2017,Magallanes,F,55-65,1,7912.5
2017,Magallanes,M,55-65,1,7695
2017,Magallanes,T,55-65,2,15607.5
2017,Magallanes,F,65-75,0,5345
2017,Magallanes,M,65-75,0,4864
2017,Magallanes,T,65-75,0,10209
2017,Magallanes,F,>75,0,4713.5
2017,Magallanes,M,>75,0,2922.5
2017,Magallanes,T,>75,0,7636
